Date,Category,Likes
2021-01-01,Food,975
2021-01-02,Family,3358
2021-01-03,Culture,2308
2021-01-04,Travel,782
2021-01-05,Travel,2162
2021-01-06,Family,6406
2021-01-07,Health,3493
2021-01-08,Health,7849
2021-01-09,Travel,863
2021-01-10,Family,8245
2021-01-11,Travel,58
2021-01-12,Travel,7027
2021-01-13,Food,8058
2021-01-14,Family,9563
2021-01-15,Fashion,7748
2021-01-16,Fitness,1983
2021-01-17,Health,7662
2021-01-18,Fitness,1672
2021-01-19,Health,7883
2021-01-20,Culture,4013
2021-01-21,Fashion,162
2021-01-22,Fitness,9626
2021-01-23,Fitness,4686
2021-01-24,Health,2975
2021-01-25,Fitness,9050
2021-01-26,Food,1712
2021-01-27,Food,1351
2021-01-28,Culture,2650
2021-01-29,Fitness,3053
2021-01-30,Health,5135
2021-01-31,Fashion,1566
2021-02-01,Health,1336
2021-02-02,Culture,6871
2021-02-03,Fitness,1930
2021-02-04,Fashion,588
2021-02-05,Music,7232
2021-02-06,Travel,6832
2021-02-07,Travel,6164
2021-02-08,Music,9895
2021-02-09,Food,7813
2021-02-10,Family,840
2021-02-11,Travel,1145
2021-02-12,Fashion,8721
2021-02-13,Food,824
2021-02-14,Family,4858
2021-02-15,Travel,6739
2021-02-16,Travel,7285
2021-02-17,Family,8148
2021-02-18,Family,8548
2021-02-19,Family,9216
2021-02-20,Music,5087
2021-02-21,Food,876
2021-02-22,Fashion,6665
2021-02-23,Fitness,9695
2021-02-24,Travel,6792
2021-02-25,Health,3377
2021-02-26,Family,7770
2021-02-27,Family,2697
2021-02-28,Health,9909
2021-03-01,Fashion,9634
2021-03-02,Fitness,1427
2021-03-03,Travel,3927
2021-03-04,Fitness,523
2021-03-05,Travel,4568
2021-03-06,Travel,2605
2021-03-07,Fitness,2839
2021-03-08,Fitness,6812
2021-03-09,Health,6734
2021-03-10,Family,5064
2021-03-11,Food,4454
2021-03-12,Family,571
2021-03-13,Health,5700
2021-03-14,Food,2369
2021-03-15,Fitness,6436
2021-03-16,Fashion,3076
2021-03-17,Family,6536
2021-03-18,Family,846
2021-03-19,Family,6750
2021-03-20,Fitness,915
2021-03-21,Fitness,2414
2021-03-22,Food,1334
2021-03-23,Music,4480
2021-03-24,Travel,3055
2021-03-25,Food,3674
2021-03-26,Fitness,9141
2021-03-27,Fashion,6661
2021-03-28,Family,978
2021-03-29,Health,354
2021-03-30,Fashion,7092
2021-03-31,Family,1810
2021-04-01,Travel,2633
2021-04-02,Music,5518
2021-04-03,Travel,3993
2021-04-04,Food,9738
2021-04-05,Travel,8850
2021-04-06,Travel,4408
2021-04-07,Fitness,8441
2021-04-08,Music,9292
2021-04-09,Family,2565
2021-04-10,Travel,457
2021-04-11,Fitness,2406
2021-04-12,Family,8306
2021-04-13,Travel,6442
2021-04-14,Music,212
2021-04-15,Health,1762
2021-04-16,Food,3700
2021-04-17,Food,585
2021-04-18,Culture,9617
2021-04-19,Health,8316
2021-04-20,Fashion,3899
2021-04-21,Culture,2603
2021-04-22,Travel,7781
2021-04-23,Fitness,4649
2021-04-24,Family,973
2021-04-25,Travel,3911
2021-04-26,Music,3047
2021-04-27,Culture,5273
2021-04-28,Fashion,3359
2021-04-29,Health,1897
2021-04-30,Family,2784
2021-05-01,Culture,1743
2021-05-02,Health,7834
2021-05-03,Food,8356
2021-05-04,Fitness,6531
2021-05-05,Family,3456
2021-05-06,Fitness,7823
2021-05-07,Fashion,8982
2021-05-08,Music,4814
2021-05-09,Family,693
2021-05-10,Travel,571
2021-05-11,Family,9146
2021-05-12,Music,8010
2021-05-13,Health,3201
2021-05-14,Culture,3051
2021-05-15,Food,5918
2021-05-16,Food,2806
2021-05-17,Health,3997
2021-05-18,Health,6414
2021-05-19,Music,458
2021-05-20,Fitness,5598
2021-05-21,Fitness,7854
2021-05-22,Health,1604
2021-05-23,Travel,134
2021-05-24,Fitness,6904
2021-05-25,Music,1747
2021-05-26,Family,8107
2021-05-27,Health,539
2021-05-28,Fashion,595
2021-05-29,Fitness,7308
2021-05-30,Fitness,139
2021-05-31,Family,9637
2021-06-01,Food,943
2021-06-02,Fitness,5830
2021-06-03,Family,6622
2021-06-04,Travel,5077
2021-06-05,Fashion,9682
2021-06-06,Food,5250
2021-06-07,Fashion,4213
2021-06-08,Family,4717
2021-06-09,Fashion,6661
2021-06-10,Fashion,2118
2021-06-11,Fashion,8531
2021-06-12,Music,4027
2021-06-13,Fitness,8654
2021-06-14,Health,2855
2021-06-15,Culture,5709
2021-06-16,Fashion,3827
2021-06-17,Culture,31
2021-06-18,Food,130
2021-06-19,Travel,3096
2021-06-20,Fashion,1602
2021-06-21,Health,8241
2021-06-22,Fitness,6398
2021-06-23,Fashion,5109
2021-06-24,Music,2793
2021-06-25,Fashion,732
2021-06-26,Culture,8656
2021-06-27,Health,6222
2021-06-28,Fashion,8128
2021-06-29,Food,2151
2021-06-30,Fitness,7037
2021-07-01,Health,6891
2021-07-02,Family,359
2021-07-03,Fashion,9656
2021-07-04,Travel,1540
2021-07-05,Music,7709
2021-07-06,Culture,4353
2021-07-07,Food,9380
2021-07-08,Music,8985
2021-07-09,Family,8574
2021-07-10,Travel,5790
2021-07-11,Fitness,1339
2021-07-12,Fitness,4834
2021-07-13,Family,526
2021-07-14,Music,6145
2021-07-15,Fitness,210
2021-07-16,Fashion,2315
2021-07-17,Health,5897
2021-07-18,Music,8114
2021-07-19,Family,8724
2021-07-20,Music,2317
2021-07-21,Culture,4157
2021-07-22,Health,5951
2021-07-23,Health,2413
2021-07-24,Fitness,1736
2021-07-25,Health,4415
2021-07-26,Travel,8391
2021-07-27,Family,8329
2021-07-28,Family,6829
2021-07-29,Health,9101
2021-07-30,Culture,6667
2021-07-31,Fitness,4920
2021-08-01,Health,1007
2021-08-02,Fitness,3525
2021-08-03,Food,4794
2021-08-04,Fitness,5184
2021-08-05,Family,841
2021-08-06,Travel,5340
2021-08-07,Culture,8041
2021-08-08,Fitness,1931
2021-08-09,Fashion,9187
2021-08-10,Fitness,8445
2021-08-11,Music,1512
2021-08-12,Food,9873
2021-08-13,Food,3681
2021-08-14,Food,9610
2021-08-15,Fashion,3500
2021-08-16,Music,9336
2021-08-17,Food,6440
2021-08-18,Family,2851
2021-08-19,Food,4199
2021-08-20,Fashion,2887
2021-08-21,Culture,7754
2021-08-22,Music,2478
2021-08-23,Fitness,77
2021-08-24,Travel,5374
2021-08-25,Fashion,2553
2021-08-26,Food,9306
2021-08-27,Fashion,4295
2021-08-28,Health,3804
2021-08-29,Culture,8248
2021-08-30,Music,9439
2021-08-31,Food,2395
2021-09-01,Health,3279
2021-09-02,Music,1705
2021-09-03,Food,8441
2021-09-04,Family,9113
2021-09-05,Fitness,7250
2021-09-06,Fitness,5607
2021-09-07,Health,963
2021-09-08,Travel,4568
2021-09-09,Fitness,5332
2021-09-10,Fitness,6920
2021-09-11,Culture,9344
2021-09-12,Travel,3228
2021-09-13,Music,5353
2021-09-14,Health,440
2021-09-15,Food,213
2021-09-16,Fashion,1256
2021-09-17,Food,448
2021-09-18,Culture,6638
2021-09-19,Fitness,9420
2021-09-20,Music,4060
2021-09-21,Travel,5782
2021-09-22,Travel,9987
2021-09-23,Music,1369
2021-09-24,Travel,7816
2021-09-25,Culture,4101
2021-09-26,Family,1818
2021-09-27,Family,133
2021-09-28,Family,6614
2021-09-29,Music,3263
2021-09-30,Health,3459
2021-10-01,Health,769
2021-10-02,Culture,9921
2021-10-03,Travel,6137
2021-10-04,Music,8561
2021-10-05,Fashion,3279
2021-10-06,Fitness,8405
2021-10-07,Fashion,6528
2021-10-08,Fitness,8635
2021-10-09,Family,3034
2021-10-10,Fitness,1249
2021-10-11,Music,7278
2021-10-12,Travel,1375
2021-10-13,Culture,9183
2021-10-14,Music,7707
2021-10-15,Fitness,5520
2021-10-16,Fashion,3756
2021-10-17,Travel,833
2021-10-18,Travel,9218
2021-10-19,Travel,2893
2021-10-20,Music,2427
2021-10-21,Music,3499
2021-10-22,Fashion,1245
2021-10-23,Food,9073
2021-10-24,Food,9768
2021-10-25,Fashion,2013
2021-10-26,Food,7013
2021-10-27,Culture,9135
2021-10-28,Culture,3414
2021-10-29,Culture,3101
2021-10-30,Fitness,9066
2021-10-31,Family,7607
2021-11-01,Music,3738
2021-11-02,Health,1412
2021-11-03,Food,1964
2021-11-04,Family,4023
2021-11-05,Family,4444
2021-11-06,Fitness,9629
2021-11-07,Travel,269
2021-11-08,Travel,9654
2021-11-09,Fashion,3761
2021-11-10,Family,9346
2021-11-11,Health,157
2021-11-12,Fitness,2390
2021-11-13,Family,7900
2021-11-14,Health,970
2021-11-15,Culture,7332
2021-11-16,Family,8740
2021-11-17,Fitness,8427
2021-11-18,Fashion,1617
2021-11-19,Fitness,6803
2021-11-20,Music,992
2021-11-21,Fitness,8839
2021-11-22,Music,1723
2021-11-23,Fitness,8086
2021-11-24,Travel,1458
2021-11-25,Food,1405
2021-11-26,Fitness,6105
2021-11-27,Family,1962
2021-11-28,Travel,289
2021-11-29,Culture,8714
2021-11-30,Family,9802
2021-12-01,Music,9850
2021-12-02,Fitness,1829
2021-12-03,Music,4733
2021-12-04,Fashion,2674
2021-12-05,Food,4956
2021-12-06,Music,5976
2021-12-07,Fashion,4850
2021-12-08,Family,9436
2021-12-09,Travel,9650
2021-12-10,Health,2259
2021-12-11,Food,8216
2021-12-12,Health,2127
2021-12-13,Travel,1154
2021-12-14,Travel,5875
2021-12-15,Family,9266
2021-12-16,Travel,5921
2021-12-17,Health,4721
2021-12-18,Travel,3010
2021-12-19,Culture,848
2021-12-20,Travel,4041
2021-12-21,Food,5802
2021-12-22,Culture,6331
2021-12-23,Family,436
2021-12-24,Family,3601
2021-12-25,Culture,3928
2021-12-26,Health,378
2021-12-27,Music,1677
2021-12-28,Food,221
2021-12-29,Food,9554
2021-12-30,Fashion,8422
2021-12-31,Music,4872
2022-01-01,Health,3528
2022-01-02,Music,906
2022-01-03,Travel,36
2022-01-04,Music,4754
2022-01-05,Health,4600
2022-01-06,Fitness,1687
2022-01-07,Travel,5538
2022-01-08,Health,7222
2022-01-09,Travel,21
2022-01-10,Fitness,4229
2022-01-11,Food,3989
2022-01-12,Fashion,4690
2022-01-13,Culture,6879
2022-01-14,Food,2363
2022-01-15,Fitness,8961
2022-01-16,Culture,1372
2022-01-17,Travel,3195
2022-01-18,Fashion,8318
2022-01-19,Food,7032
2022-01-20,Travel,6746
2022-01-21,Travel,9402
2022-01-22,Travel,5048
2022-01-23,Food,7828
2022-01-24,Fashion,1387
2022-01-25,Health,3013
2022-01-26,Fitness,9002
2022-01-27,Music,6442
2022-01-28,Family,1263
2022-01-29,Fitness,9932
2022-01-30,Family,7597
2022-01-31,Food,1240
2022-02-01,Music,1161
2022-02-02,Family,1117
2022-02-03,Culture,8623
2022-02-04,Fashion,133
2022-02-05,Fitness,412
2022-02-06,Culture,4442
2022-02-07,Fashion,9633
2022-02-08,Health,4854
2022-02-09,Fashion,2476
2022-02-10,Travel,6301
2022-02-11,Fitness,7019
2022-02-12,Music,2890
2022-02-13,Travel,9137
2022-02-14,Family,5399
2022-02-15,Health,5981
2022-02-16,Music,7941
2022-02-17,Food,7936
2022-02-18,Fashion,4613
2022-02-19,Health,9316
2022-02-20,Travel,7283
2022-02-21,Music,6901
2022-02-22,Travel,2262
2022-02-23,Fashion,3847
2022-02-24,Music,3456
2022-02-25,Fitness,5632
2022-02-26,Health,8436
2022-02-27,Fitness,2410
2022-02-28,Travel,970
2022-03-01,Health,6724
2022-03-02,Food,2227
2022-03-03,Music,2141
2022-03-04,Fitness,9116
2022-03-05,Food,3604
2022-03-06,Fashion,5632
2022-03-07,Culture,832
2022-03-08,Fitness,2498
2022-03-09,Travel,6335
2022-03-10,Music,8592
2022-03-11,Food,5421
2022-03-12,Travel,459
2022-03-13,Food,8346
2022-03-14,Travel,7221
2022-03-15,Travel,4146
2022-03-16,Family,2844
2022-03-17,Health,1602
2022-03-18,Travel,7045
2022-03-19,Food,3581
2022-03-20,Travel,3872
2022-03-21,Music,7802
2022-03-22,Music,2976
2022-03-23,Travel,7817
2022-03-24,Music,231
2022-03-25,Music,3733
2022-03-26,Food,283
2022-03-27,Travel,8199
2022-03-28,Culture,789
2022-03-29,Health,3434
2022-03-30,Culture,1264
2022-03-31,Fashion,7309
2022-04-01,Travel,8974
2022-04-02,Fashion,8998
2022-04-03,Health,8190
2022-04-04,Fashion,6646
2022-04-05,Fashion,5273
2022-04-06,Culture,9423
2022-04-07,Fitness,4884
2022-04-08,Fashion,1138
2022-04-09,Culture,6942
2022-04-10,Food,2908
2022-04-11,Culture,8730
2022-04-12,Culture,2978
2022-04-13,Music,5271
2022-04-14,Fitness,6809
2022-04-15,Culture,9173
2022-04-16,Health,5018
2022-04-17,Food,4492
2022-04-18,Travel,188
2022-04-19,Fashion,4501
2022-04-20,Music,6872
2022-04-21,Fitness,7967
2022-04-22,Food,9840
2022-04-23,Fashion,5801
2022-04-24,Health,5342
2022-04-25,Travel,6843
2022-04-26,Culture,3303
2022-04-27,Music,3710
2022-04-28,Travel,644
2022-04-29,Family,8333
2022-04-30,Food,6022
2022-05-01,Culture,2128
2022-05-02,Music,2432
2022-05-03,Fitness,1745
2022-05-04,Food,7582
2022-05-05,Fashion,3591
2022-05-06,Food,1553
2022-05-07,Travel,51
2022-05-08,Fashion,3554
2022-05-09,Fashion,7347
2022-05-10,Fitness,9897
2022-05-11,Health,876
2022-05-12,Food,4931
2022-05-13,Fashion,94
2022-05-14,Food,6908
2022-05-15,Health,9847
